checksum_outside_timed_region,condition,crop_copy_reference_ms,decode_and_graph_construction_ms,forced_render_and_materialization_ms,matched_order,path,pixel_height,pixel_width,roi,roi_order,total_ms,trial
"08da16eddf4089fe4a836640dafd973293c51231b4b79426dd1e428c6d79f1f0","full","3.621458","105.295125","191.330834","full,roi,roi,full","/Volumes/Extreme SSD/Working/2026.05.23-25 Memphis/DXO/DSC09202-DXO6.dng","6336","9504","center","manifest-order","194.952292","1"
"c71599e9ec23f42bef1651ec6e4e3772e843e40ca3906703d0e7925be01874dd","roi","0","105.295125","8.492541","full,roi,roi,full","/Volumes/Extreme SSD/Working/2026.05.23-25 Memphis/DXO/DSC09202-DXO6.dng","1600","2400","center","manifest-order","8.492541","2"
"c71599e9ec23f42bef1651ec6e4e3772e843e40ca3906703d0e7925be01874dd","roi","0","105.295125","7.2535","full,roi,roi,full","/Volumes/Extreme SSD/Working/2026.05.23-25 Memphis/DXO/DSC09202-DXO6.dng","1600","2400","center","manifest-order","7.2535","3"
"08da16eddf4089fe4a836640dafd973293c51231b4b79426dd1e428c6d79f1f0","full","3.621458","105.295125","174.09575","full,roi,roi,full","/Volumes/Extreme SSD/Working/2026.05.23-25 Memphis/DXO/DSC09202-DXO6.dng","6336","9504","center","manifest-order","177.717208","4"
"08da16eddf4089fe4a836640dafd973293c51231b4b79426dd1e428c6d79f1f0","full","1.996541","105.295125","187.59325","full,roi,roi,full","/Volumes/Extreme SSD/Working/2026.05.23-25 Memphis/DXO/DSC09202-DXO6.dng","6336","9504","top-edge-mid","manifest-order","189.58979100000002","1"
"fd1e6ca4a6c09b6e8596939502a0e38c4961f14199677f88a36e35d96e76b22e","roi","0","105.295125","9.539334","full,roi,roi,full","/Volumes/Extreme SSD/Working/2026.05.23-25 Memphis/DXO/DSC09202-DXO6.dng","1600","2400","top-edge-mid","manifest-order","9.539334","2"
"fd1e6ca4a6c09b6e8596939502a0e38c4961f14199677f88a36e35d96e76b22e","roi","0","105.295125","8.876916","full,roi,roi,full","/Volumes/Extreme SSD/Working/2026.05.23-25 Memphis/DXO/DSC09202-DXO6.dng","1600","2400","top-edge-mid","manifest-order","8.876916","3"
"08da16eddf4089fe4a836640dafd973293c51231b4b79426dd1e428c6d79f1f0","full","1.996541","105.295125","170.048167","full,roi,roi,full","/Volumes/Extreme SSD/Working/2026.05.23-25 Memphis/DXO/DSC09202-DXO6.dng","6336","9504","top-edge-mid","manifest-order","172.044708","4"
"08da16eddf4089fe4a836640dafd973293c51231b4b79426dd1e428c6d79f1f0","full","1.849208","105.295125","194.903042","full,roi,roi,full","/Volumes/Extreme SSD/Working/2026.05.23-25 Memphis/DXO/DSC09202-DXO6.dng","6336","9504","top-left","manifest-order","196.75225","1"
"05eab54f50e005dc4f848a87f01805f343ce04bc1fdcaac6c63019f96424b693","roi","0","105.295125","9.712916","full,roi,roi,full","/Volumes/Extreme SSD/Working/2026.05.23-25 Memphis/DXO/DSC09202-DXO6.dng","1600","2400","top-left","manifest-order","9.712916","2"
"05eab54f50e005dc4f848a87f01805f343ce04bc1fdcaac6c63019f96424b693","roi","0","105.295125","9.052792","full,roi,roi,full","/Volumes/Extreme SSD/Working/2026.05.23-25 Memphis/DXO/DSC09202-DXO6.dng","1600","2400","top-left","manifest-order","9.052792","3"
"08da16eddf4089fe4a836640dafd973293c51231b4b79426dd1e428c6d79f1f0","full","1.849208","105.295125","183.055208","full,roi,roi,full","/Volumes/Extreme SSD/Working/2026.05.23-25 Memphis/DXO/DSC09202-DXO6.dng","6336","9504","top-left","manifest-order","184.904416","4"
"08da16eddf4089fe4a836640dafd973293c51231b4b79426dd1e428c6d79f1f0","full","1.849959","105.295125","195.550834","full,roi,roi,full","/Volumes/Extreme SSD/Working/2026.05.23-25 Memphis/DXO/DSC09202-DXO6.dng","6336","9504","top-right","manifest-order","197.40079300000002","1"
"52150b383fed77d67157db1ee6b1be6a5e9951c05a1145ec0ac3e54d5f8e00e1","roi","0","105.295125","9.505875","full,roi,roi,full","/Volumes/Extreme SSD/Working/2026.05.23-25 Memphis/DXO/DSC09202-DXO6.dng","1600","2400","top-right","manifest-order","9.505875","2"
"52150b383fed77d67157db1ee6b1be6a5e9951c05a1145ec0ac3e54d5f8e00e1","roi","0","105.295125","8.439833","full,roi,roi,full","/Volumes/Extreme SSD/Working/2026.05.23-25 Memphis/DXO/DSC09202-DXO6.dng","1600","2400","top-right","manifest-order","8.439833","3"
"08da16eddf4089fe4a836640dafd973293c51231b4b79426dd1e428c6d79f1f0","full","1.849959","105.295125","170.133625","full,roi,roi,full","/Volumes/Extreme SSD/Working/2026.05.23-25 Memphis/DXO/DSC09202-DXO6.dng","6336","9504","top-right","manifest-order","171.983584","4"
"08da16eddf4089fe4a836640dafd973293c51231b4b79426dd1e428c6d79f1f0","full","1.840083","105.295125","186.203583","full,roi,roi,full","/Volumes/Extreme SSD/Working/2026.05.23-25 Memphis/DXO/DSC09202-DXO6.dng","6336","9504","bottom-left","manifest-order","188.043666","1"
"0c5000494519af7b46935bab27e6c7008f34af7fbedd01dac443707c23f3adb3","roi","0","105.295125","10.151083","full,roi,roi,full","/Volumes/Extreme SSD/Working/2026.05.23-25 Memphis/DXO/DSC09202-DXO6.dng","1600","2400","bottom-left","manifest-order","10.151083","2"
"0c5000494519af7b46935bab27e6c7008f34af7fbedd01dac443707c23f3adb3","roi","0","105.295125","9.084792","full,roi,roi,full","/Volumes/Extreme SSD/Working/2026.05.23-25 Memphis/DXO/DSC09202-DXO6.dng","1600","2400","bottom-left","manifest-order","9.084792","3"
"08da16eddf4089fe4a836640dafd973293c51231b4b79426dd1e428c6d79f1f0","full","1.840083","105.295125","182.774625","full,roi,roi,full","/Volumes/Extreme SSD/Working/2026.05.23-25 Memphis/DXO/DSC09202-DXO6.dng","6336","9504","bottom-left","manifest-order","184.61470799999998","4"
"08da16eddf4089fe4a836640dafd973293c51231b4b79426dd1e428c6d79f1f0","full","1.81125","105.295125","189.697625","full,roi,roi,full","/Volumes/Extreme SSD/Working/2026.05.23-25 Memphis/DXO/DSC09202-DXO6.dng","6336","9504","bottom-right","manifest-order","191.508875","1"
"6d43bf7bce58821553c5814715b31e1f5f905ae07fb14623e77592ed8bee1857","roi","0","105.295125","9.517042","full,roi,roi,full","/Volumes/Extreme SSD/Working/2026.05.23-25 Memphis/DXO/DSC09202-DXO6.dng","1600","2400","bottom-right","manifest-order","9.517042","2"
"6d43bf7bce58821553c5814715b31e1f5f905ae07fb14623e77592ed8bee1857","roi","0","105.295125","8.427792","full,roi,roi,full","/Volumes/Extreme SSD/Working/2026.05.23-25 Memphis/DXO/DSC09202-DXO6.dng","1600","2400","bottom-right","manifest-order","8.427792","3"
"08da16eddf4089fe4a836640dafd973293c51231b4b79426dd1e428c6d79f1f0","full","1.81125","105.295125","177.380125","full,roi,roi,full","/Volumes/Extreme SSD/Working/2026.05.23-25 Memphis/DXO/DSC09202-DXO6.dng","6336","9504","bottom-right","manifest-order","179.191375","4"
"12ffcdbe178d9623683ef859d72f79f31d641d7731afc227ddc35fd9203fe8d0","full","1.036542","19.2285","29.373166","full,roi,roi,full","/Volumes/Extreme SSD/Working/2026.05.23-25 Memphis/DXO/DJI_0653-DXO6.dng","3018","4026","bottom-right","reverse-order","30.409708000000002","1"
"a520f049373e04f5773efd9e87e7d77f260243a0b20a3e68adc49a7149394a09","roi","0","19.2285","9.839709","full,roi,roi,full","/Volumes/Extreme SSD/Working/2026.05.23-25 Memphis/DXO/DJI_0653-DXO6.dng","1600","2400","bottom-right","reverse-order","9.839709","2"
"a520f049373e04f5773efd9e87e7d77f260243a0b20a3e68adc49a7149394a09","roi","0","19.2285","9.021583","full,roi,roi,full","/Volumes/Extreme SSD/Working/2026.05.23-25 Memphis/DXO/DJI_0653-DXO6.dng","1600","2400","bottom-right","reverse-order","9.021583","3"
"12ffcdbe178d9623683ef859d72f79f31d641d7731afc227ddc35fd9203fe8d0","full","1.036542","19.2285","24.392208","full,roi,roi,full","/Volumes/Extreme SSD/Working/2026.05.23-25 Memphis/DXO/DJI_0653-DXO6.dng","3018","4026","bottom-right","reverse-order","25.42875","4"
"12ffcdbe178d9623683ef859d72f79f31d641d7731afc227ddc35fd9203fe8d0","full","0.997667","19.2285","26.157708","full,roi,roi,full","/Volumes/Extreme SSD/Working/2026.05.23-25 Memphis/DXO/DJI_0653-DXO6.dng","3018","4026","bottom-left","reverse-order","27.155375","1"
"17a83ee99d5b6ed3b559fd45a470106eea083cc73b26b2f5b899c3ce92bd515f","roi","0","19.2285","9.638958","full,roi,roi,full","/Volumes/Extreme SSD/Working/2026.05.23-25 Memphis/DXO/DJI_0653-DXO6.dng","1600","2400","bottom-left","reverse-order","9.638958","2"
"17a83ee99d5b6ed3b559fd45a470106eea083cc73b26b2f5b899c3ce92bd515f","roi","0","19.2285","8.943334","full,roi,roi,full","/Volumes/Extreme SSD/Working/2026.05.23-25 Memphis/DXO/DJI_0653-DXO6.dng","1600","2400","bottom-left","reverse-order","8.943334","3"
"12ffcdbe178d9623683ef859d72f79f31d641d7731afc227ddc35fd9203fe8d0","full","0.997667","19.2285","25.312","full,roi,roi,full","/Volumes/Extreme SSD/Working/2026.05.23-25 Memphis/DXO/DJI_0653-DXO6.dng","3018","4026","bottom-left","reverse-order","26.309667","4"
"12ffcdbe178d9623683ef859d72f79f31d641d7731afc227ddc35fd9203fe8d0","full","1.066667","19.2285","25.802834","full,roi,roi,full","/Volumes/Extreme SSD/Working/2026.05.23-25 Memphis/DXO/DJI_0653-DXO6.dng","3018","4026","top-right","reverse-order","26.869501","1"
"23530299166e3aa4e3b24d5a4235f84c1707603cfb10f44c301302bcb274883d","roi","0","19.2285","9.841375","full,roi,roi,full","/Volumes/Extreme SSD/Working/2026.05.23-25 Memphis/DXO/DJI_0653-DXO6.dng","1600","2400","top-right","reverse-order","9.841375","2"
"23530299166e3aa4e3b24d5a4235f84c1707603cfb10f44c301302bcb274883d","roi","0","19.2285","9.130833","full,roi,roi,full","/Volumes/Extreme SSD/Working/2026.05.23-25 Memphis/DXO/DJI_0653-DXO6.dng","1600","2400","top-right","reverse-order","9.130833","3"
"12ffcdbe178d9623683ef859d72f79f31d641d7731afc227ddc35fd9203fe8d0","full","1.066667","19.2285","24.878958","full,roi,roi,full","/Volumes/Extreme SSD/Working/2026.05.23-25 Memphis/DXO/DJI_0653-DXO6.dng","3018","4026","top-right","reverse-order","25.945625","4"
"12ffcdbe178d9623683ef859d72f79f31d641d7731afc227ddc35fd9203fe8d0","full","1.006791","19.2285","26.439292","full,roi,roi,full","/Volumes/Extreme SSD/Working/2026.05.23-25 Memphis/DXO/DJI_0653-DXO6.dng","3018","4026","top-left","reverse-order","27.446082999999998","1"
"02836e3c19d32002f063e1e222d567f8bb2e6c96537a25fc999cf47476d48762","roi","0","19.2285","8.775667","full,roi,roi,full","/Volumes/Extreme SSD/Working/2026.05.23-25 Memphis/DXO/DJI_0653-DXO6.dng","1600","2400","top-left","reverse-order","8.775667","2"
"02836e3c19d32002f063e1e222d567f8bb2e6c96537a25fc999cf47476d48762","roi","0","19.2285","7.96425","full,roi,roi,full","/Volumes/Extreme SSD/Working/2026.05.23-25 Memphis/DXO/DJI_0653-DXO6.dng","1600","2400","top-left","reverse-order","7.96425","3"
"12ffcdbe178d9623683ef859d72f79f31d641d7731afc227ddc35fd9203fe8d0","full","1.006791","19.2285","24.626334","full,roi,roi,full","/Volumes/Extreme SSD/Working/2026.05.23-25 Memphis/DXO/DJI_0653-DXO6.dng","3018","4026","top-left","reverse-order","25.633125","4"
"12ffcdbe178d9623683ef859d72f79f31d641d7731afc227ddc35fd9203fe8d0","full","1.040792","19.2285","26.134375","full,roi,roi,full","/Volumes/Extreme SSD/Working/2026.05.23-25 Memphis/DXO/DJI_0653-DXO6.dng","3018","4026","top-edge-mid","reverse-order","27.175167","1"
"11b98fa67a3cf5f762b919d66d63e3f39b50e1c57a04dcfbb14365da5c011197","roi","0","19.2285","9.012458","full,roi,roi,full","/Volumes/Extreme SSD/Working/2026.05.23-25 Memphis/DXO/DJI_0653-DXO6.dng","1600","2400","top-edge-mid","reverse-order","9.012458","2"
"11b98fa67a3cf5f762b919d66d63e3f39b50e1c57a04dcfbb14365da5c011197","roi","0","19.2285","8.303875","full,roi,roi,full","/Volumes/Extreme SSD/Working/2026.05.23-25 Memphis/DXO/DJI_0653-DXO6.dng","1600","2400","top-edge-mid","reverse-order","8.303875","3"
"12ffcdbe178d9623683ef859d72f79f31d641d7731afc227ddc35fd9203fe8d0","full","1.040792","19.2285","24.9215","full,roi,roi,full","/Volumes/Extreme SSD/Working/2026.05.23-25 Memphis/DXO/DJI_0653-DXO6.dng","3018","4026","top-edge-mid","reverse-order","25.962292","4"
"12ffcdbe178d9623683ef859d72f79f31d641d7731afc227ddc35fd9203fe8d0","full","1.019459","19.2285","26.691542","full,roi,roi,full","/Volumes/Extreme SSD/Working/2026.05.23-25 Memphis/DXO/DJI_0653-DXO6.dng","3018","4026","center","reverse-order","27.711001","1"
"d44ada6c8969318594e01880e148dc8ce75a0642cb71d6bd6d4cfebe5d583e19","roi","0","19.2285","9.440333","full,roi,roi,full","/Volumes/Extreme SSD/Working/2026.05.23-25 Memphis/DXO/DJI_0653-DXO6.dng","1600","2400","center","reverse-order","9.440333","2"
"d44ada6c8969318594e01880e148dc8ce75a0642cb71d6bd6d4cfebe5d583e19","roi","0","19.2285","8.883917","full,roi,roi,full","/Volumes/Extreme SSD/Working/2026.05.23-25 Memphis/DXO/DJI_0653-DXO6.dng","1600","2400","center","reverse-order","8.883917","3"
"12ffcdbe178d9623683ef859d72f79f31d641d7731afc227ddc35fd9203fe8d0","full","1.019459","19.2285","25.052958","full,roi,roi,full","/Volumes/Extreme SSD/Working/2026.05.23-25 Memphis/DXO/DJI_0653-DXO6.dng","3018","4026","center","reverse-order","26.072417","4"
"a46a4b7737f3be1d792f7fd61c40416352a65c2a8b0e020df7ce3b92c24b2f6c","full","1.402375","18.644708","58.319","full,roi,roi,full","/Volumes/Extreme SSD/Working/2026.03.07-08 Dallas/DXO/DSC07818-DXO6.dng","4162","6240","center","manifest-order","59.721375","1"
"c94e1e1f0db3ca79d74b63439cd8458d7e1f119217e9ce816d4aad4446464409","roi","0","18.644708","9.339458","full,roi,roi,full","/Volumes/Extreme SSD/Working/2026.03.07-08 Dallas/DXO/DSC07818-DXO6.dng","1600","2400","center","manifest-order","9.339458","2"
"c94e1e1f0db3ca79d74b63439cd8458d7e1f119217e9ce816d4aad4446464409","roi","0","18.644708","8.377875","full,roi,roi,full","/Volumes/Extreme SSD/Working/2026.03.07-08 Dallas/DXO/DSC07818-DXO6.dng","1600","2400","center","manifest-order","8.377875","3"
"a46a4b7737f3be1d792f7fd61c40416352a65c2a8b0e020df7ce3b92c24b2f6c","full","1.402375","18.644708","49.986","full,roi,roi,full","/Volumes/Extreme SSD/Working/2026.03.07-08 Dallas/DXO/DSC07818-DXO6.dng","4162","6240","center","manifest-order","51.388374999999996","4"
"a46a4b7737f3be1d792f7fd61c40416352a65c2a8b0e020df7ce3b92c24b2f6c","full","1.426375","18.644708","55.370708","full,roi,roi,full","/Volumes/Extreme SSD/Working/2026.03.07-08 Dallas/DXO/DSC07818-DXO6.dng","4162","6240","top-edge-mid","manifest-order","56.797083","1"
"d0782ad16230b3d4af4155b81ea354d03ccd3a05a3d1ba6744e0fead0e317e80","roi","0","18.644708","9.735166","full,roi,roi,full","/Volumes/Extreme SSD/Working/2026.03.07-08 Dallas/DXO/DSC07818-DXO6.dng","1600","2400","top-edge-mid","manifest-order","9.735166","2"
"d0782ad16230b3d4af4155b81ea354d03ccd3a05a3d1ba6744e0fead0e317e80","roi","0","18.644708","8.976125","full,roi,roi,full","/Volumes/Extreme SSD/Working/2026.03.07-08 Dallas/DXO/DSC07818-DXO6.dng","1600","2400","top-edge-mid","manifest-order","8.976125","3"
"a46a4b7737f3be1d792f7fd61c40416352a65c2a8b0e020df7ce3b92c24b2f6c","full","1.426375","18.644708","52.005375","full,roi,roi,full","/Volumes/Extreme SSD/Working/2026.03.07-08 Dallas/DXO/DSC07818-DXO6.dng","4162","6240","top-edge-mid","manifest-order","53.43175","4"
"a46a4b7737f3be1d792f7fd61c40416352a65c2a8b0e020df7ce3b92c24b2f6c","full","1.413792","18.644708","51.659792","full,roi,roi,full","/Volumes/Extreme SSD/Working/2026.03.07-08 Dallas/DXO/DSC07818-DXO6.dng","4162","6240","top-left","manifest-order","53.073584000000004","1"
"238fddd9654d115fcd091fe2b07aa7bbbc61a0df139ef7407615f3350c7c3017","roi","0","18.644708","9.383209","full,roi,roi,full","/Volumes/Extreme SSD/Working/2026.03.07-08 Dallas/DXO/DSC07818-DXO6.dng","1600","2400","top-left","manifest-order","9.383209","2"
"238fddd9654d115fcd091fe2b07aa7bbbc61a0df139ef7407615f3350c7c3017","roi","0","18.644708","8.85975","full,roi,roi,full","/Volumes/Extreme SSD/Working/2026.03.07-08 Dallas/DXO/DSC07818-DXO6.dng","1600","2400","top-left","manifest-order","8.85975","3"
"a46a4b7737f3be1d792f7fd61c40416352a65c2a8b0e020df7ce3b92c24b2f6c","full","1.413792","18.644708","50.304125","full,roi,roi,full","/Volumes/Extreme SSD/Working/2026.03.07-08 Dallas/DXO/DSC07818-DXO6.dng","4162","6240","top-left","manifest-order","51.717917","4"
"a46a4b7737f3be1d792f7fd61c40416352a65c2a8b0e020df7ce3b92c24b2f6c","full","1.470583","18.644708","54.944167","full,roi,roi,full","/Volumes/Extreme SSD/Working/2026.03.07-08 Dallas/DXO/DSC07818-DXO6.dng","4162","6240","top-right","manifest-order","56.41475","1"
"8f8d7270a02413baff1ef09547fc2f6582584b1a635c3bebc288f71550c419c4","roi","0","18.644708","9.537708","full,roi,roi,full","/Volumes/Extreme SSD/Working/2026.03.07-08 Dallas/DXO/DSC07818-DXO6.dng","1600","2400","top-right","manifest-order","9.537708","2"
"8f8d7270a02413baff1ef09547fc2f6582584b1a635c3bebc288f71550c419c4","roi","0","18.644708","8.877167","full,roi,roi,full","/Volumes/Extreme SSD/Working/2026.03.07-08 Dallas/DXO/DSC07818-DXO6.dng","1600","2400","top-right","manifest-order","8.877167","3"
"a46a4b7737f3be1d792f7fd61c40416352a65c2a8b0e020df7ce3b92c24b2f6c","full","1.470583","18.644708","50.850375","full,roi,roi,full","/Volumes/Extreme SSD/Working/2026.03.07-08 Dallas/DXO/DSC07818-DXO6.dng","4162","6240","top-right","manifest-order","52.320958","4"
"a46a4b7737f3be1d792f7fd61c40416352a65c2a8b0e020df7ce3b92c24b2f6c","full","1.400917","18.644708","59.553333","full,roi,roi,full","/Volumes/Extreme SSD/Working/2026.03.07-08 Dallas/DXO/DSC07818-DXO6.dng","4162","6240","bottom-left","manifest-order","60.95425","1"
"fa56622b185ed5930b31893bd8d882a185f092fa11b94bd14a401da9fed5ad80","roi","0","18.644708","10.427625","full,roi,roi,full","/Volumes/Extreme SSD/Working/2026.03.07-08 Dallas/DXO/DSC07818-DXO6.dng","1600","2400","bottom-left","manifest-order","10.427625","2"
"fa56622b185ed5930b31893bd8d882a185f092fa11b94bd14a401da9fed5ad80","roi","0","18.644708","9.258708","full,roi,roi,full","/Volumes/Extreme SSD/Working/2026.03.07-08 Dallas/DXO/DSC07818-DXO6.dng","1600","2400","bottom-left","manifest-order","9.258708","3"
"a46a4b7737f3be1d792f7fd61c40416352a65c2a8b0e020df7ce3b92c24b2f6c","full","1.400917","18.644708","54.640084","full,roi,roi,full","/Volumes/Extreme SSD/Working/2026.03.07-08 Dallas/DXO/DSC07818-DXO6.dng","4162","6240","bottom-left","manifest-order","56.041001","4"
"a46a4b7737f3be1d792f7fd61c40416352a65c2a8b0e020df7ce3b92c24b2f6c","full","1.418834","18.644708","55.372875","full,roi,roi,full","/Volumes/Extreme SSD/Working/2026.03.07-08 Dallas/DXO/DSC07818-DXO6.dng","4162","6240","bottom-right","manifest-order","56.791709","1"
"8c67bd559877e723c48493228c4beeb9414958018eb2133f814d123b53f8969a","roi","0","18.644708","10.252458","full,roi,roi,full","/Volumes/Extreme SSD/Working/2026.03.07-08 Dallas/DXO/DSC07818-DXO6.dng","1600","2400","bottom-right","manifest-order","10.252458","2"
"8c67bd559877e723c48493228c4beeb9414958018eb2133f814d123b53f8969a","roi","0","18.644708","9.282416","full,roi,roi,full","/Volumes/Extreme SSD/Working/2026.03.07-08 Dallas/DXO/DSC07818-DXO6.dng","1600","2400","bottom-right","manifest-order","9.282416","3"
"a46a4b7737f3be1d792f7fd61c40416352a65c2a8b0e020df7ce3b92c24b2f6c","full","1.418834","18.644708","52.410083","full,roi,roi,full","/Volumes/Extreme SSD/Working/2026.03.07-08 Dallas/DXO/DSC07818-DXO6.dng","4162","6240","bottom-right","manifest-order","53.828917","4"
"1e71b2a4b57b2ff1013322e9d22219d0221d612e4f430d365b71c957ef97e925","full","1.537542","18.30125","93.055042","full,roi,roi,full","/Volumes/Extreme SSD/Working/2026.03.07-08 Dallas/DXO/DSC07821-DXO6.dng","4160","6469","bottom-right","reverse-order","94.592584","1"
"99decba645ab2f6d8ce40943e51a2a7e5c1d51ac0b4f74c335a48704592202ae","roi","0","18.30125","9.302334","full,roi,roi,full","/Volumes/Extreme SSD/Working/2026.03.07-08 Dallas/DXO/DSC07821-DXO6.dng","1600","2400","bottom-right","reverse-order","9.302334","2"
"99decba645ab2f6d8ce40943e51a2a7e5c1d51ac0b4f74c335a48704592202ae","roi","0","18.30125","8.46825","full,roi,roi,full","/Volumes/Extreme SSD/Working/2026.03.07-08 Dallas/DXO/DSC07821-DXO6.dng","1600","2400","bottom-right","reverse-order","8.46825","3"
"1e71b2a4b57b2ff1013322e9d22219d0221d612e4f430d365b71c957ef97e925","full","1.537542","18.30125","80.742417","full,roi,roi,full","/Volumes/Extreme SSD/Working/2026.03.07-08 Dallas/DXO/DSC07821-DXO6.dng","4160","6469","bottom-right","reverse-order","82.279959","4"
"1e71b2a4b57b2ff1013322e9d22219d0221d612e4f430d365b71c957ef97e925","full","1.5065","18.30125","90.877333","full,roi,roi,full","/Volumes/Extreme SSD/Working/2026.03.07-08 Dallas/DXO/DSC07821-DXO6.dng","4160","6469","bottom-left","reverse-order","92.383833","1"
"c51b549b82df42e19f4740e2b588565f1e28f3901b58c222d7ebbe7f820960e0","roi","0","18.30125","8.504125","full,roi,roi,full","/Volumes/Extreme SSD/Working/2026.03.07-08 Dallas/DXO/DSC07821-DXO6.dng","1600","2400","bottom-left","reverse-order","8.504125","2"
"c51b549b82df42e19f4740e2b588565f1e28f3901b58c222d7ebbe7f820960e0","roi","0","18.30125","7.737375","full,roi,roi,full","/Volumes/Extreme SSD/Working/2026.03.07-08 Dallas/DXO/DSC07821-DXO6.dng","1600","2400","bottom-left","reverse-order","7.737375","3"
"1e71b2a4b57b2ff1013322e9d22219d0221d612e4f430d365b71c957ef97e925","full","1.5065","18.30125","81.824541","full,roi,roi,full","/Volumes/Extreme SSD/Working/2026.03.07-08 Dallas/DXO/DSC07821-DXO6.dng","4160","6469","bottom-left","reverse-order","83.331041","4"
"1e71b2a4b57b2ff1013322e9d22219d0221d612e4f430d365b71c957ef97e925","full","1.506167","18.30125","96.769292","full,roi,roi,full","/Volumes/Extreme SSD/Working/2026.03.07-08 Dallas/DXO/DSC07821-DXO6.dng","4160","6469","top-right","reverse-order","98.275459","1"
"26674fa786ec4d662d5a3540cb0e29ec60092cf3107a820288b70992302620b6","roi","0","18.30125","9.595541","full,roi,roi,full","/Volumes/Extreme SSD/Working/2026.03.07-08 Dallas/DXO/DSC07821-DXO6.dng","1600","2400","top-right","reverse-order","9.595541","2"
"26674fa786ec4d662d5a3540cb0e29ec60092cf3107a820288b70992302620b6","roi","0","18.30125","8.780417","full,roi,roi,full","/Volumes/Extreme SSD/Working/2026.03.07-08 Dallas/DXO/DSC07821-DXO6.dng","1600","2400","top-right","reverse-order","8.780417","3"
"1e71b2a4b57b2ff1013322e9d22219d0221d612e4f430d365b71c957ef97e925","full","1.506167","18.30125","84.617417","full,roi,roi,full","/Volumes/Extreme SSD/Working/2026.03.07-08 Dallas/DXO/DSC07821-DXO6.dng","4160","6469","top-right","reverse-order","86.12358400000001","4"
"1e71b2a4b57b2ff1013322e9d22219d0221d612e4f430d365b71c957ef97e925","full","1.499375","18.30125","89.655958","full,roi,roi,full","/Volumes/Extreme SSD/Working/2026.03.07-08 Dallas/DXO/DSC07821-DXO6.dng","4160","6469","top-left","reverse-order","91.155333","1"
"deeb82199095a3d7df27e54b23f667ee78d5d6505a28ce82e38c35e0dcbf7ffd","roi","0","18.30125","9.487875","full,roi,roi,full","/Volumes/Extreme SSD/Working/2026.03.07-08 Dallas/DXO/DSC07821-DXO6.dng","1600","2400","top-left","reverse-order","9.487875","2"
"deeb82199095a3d7df27e54b23f667ee78d5d6505a28ce82e38c35e0dcbf7ffd","roi","0","18.30125","8.522583","full,roi,roi,full","/Volumes/Extreme SSD/Working/2026.03.07-08 Dallas/DXO/DSC07821-DXO6.dng","1600","2400","top-left","reverse-order","8.522583","3"
"1e71b2a4b57b2ff1013322e9d22219d0221d612e4f430d365b71c957ef97e925","full","1.499375","18.30125","80.654792","full,roi,roi,full","/Volumes/Extreme SSD/Working/2026.03.07-08 Dallas/DXO/DSC07821-DXO6.dng","4160","6469","top-left","reverse-order","82.154167","4"
"1e71b2a4b57b2ff1013322e9d22219d0221d612e4f430d365b71c957ef97e925","full","1.489959","18.30125","92.788167","full,roi,roi,full","/Volumes/Extreme SSD/Working/2026.03.07-08 Dallas/DXO/DSC07821-DXO6.dng","4160","6469","top-edge-mid","reverse-order","94.278126","1"
"97cc6463cb7d98023a3e5429df465c926f80ed25ba9730c9a9420880f6cc6e2e","roi","0","18.30125","9.624583","full,roi,roi,full","/Volumes/Extreme SSD/Working/2026.03.07-08 Dallas/DXO/DSC07821-DXO6.dng","1600","2400","top-edge-mid","reverse-order","9.624583","2"
"97cc6463cb7d98023a3e5429df465c926f80ed25ba9730c9a9420880f6cc6e2e","roi","0","18.30125","9.86425","full,roi,roi,full","/Volumes/Extreme SSD/Working/2026.03.07-08 Dallas/DXO/DSC07821-DXO6.dng","1600","2400","top-edge-mid","reverse-order","9.86425","3"
"1e71b2a4b57b2ff1013322e9d22219d0221d612e4f430d365b71c957ef97e925","full","1.489959","18.30125","85.521291","full,roi,roi,full","/Volumes/Extreme SSD/Working/2026.03.07-08 Dallas/DXO/DSC07821-DXO6.dng","4160","6469","top-edge-mid","reverse-order","87.01125","4"
"1e71b2a4b57b2ff1013322e9d22219d0221d612e4f430d365b71c957ef97e925","full","1.533459","18.30125","91.456125","full,roi,roi,full","/Volumes/Extreme SSD/Working/2026.03.07-08 Dallas/DXO/DSC07821-DXO6.dng","4160","6469","center","reverse-order","92.989584","1"
"8f944a31abfcd0a20f70913f0fda53010a71322aaf5d45d1a7718ba5c998fa10","roi","0","18.30125","8.747917","full,roi,roi,full","/Volumes/Extreme SSD/Working/2026.03.07-08 Dallas/DXO/DSC07821-DXO6.dng","1600","2400","center","reverse-order","8.747917","2"
"8f944a31abfcd0a20f70913f0fda53010a71322aaf5d45d1a7718ba5c998fa10","roi","0","18.30125","7.852958","full,roi,roi,full","/Volumes/Extreme SSD/Working/2026.03.07-08 Dallas/DXO/DSC07821-DXO6.dng","1600","2400","center","reverse-order","7.852958","3"
"1e71b2a4b57b2ff1013322e9d22219d0221d612e4f430d365b71c957ef97e925","full","1.533459","18.30125","81.255959","full,roi,roi,full","/Volumes/Extreme SSD/Working/2026.03.07-08 Dallas/DXO/DSC07821-DXO6.dng","4160","6469","center","reverse-order","82.789418","4"
